Bee_ID,Colony,Treatment,Wing_MM,Initial_date,Time_started_military,Initial_pollen_weight,Initial_sucrose_weight,Final_date,Final_time_military,Final_pollen_weight,Final_sucrose_weight,Net_pollen,Net_sucrose,Notes
1,EK-1,SUN,2.207,1/11/2021,17:00,0.374,30.8717,1/13/2021,16:00,0.3464,27.4642,0.0276,3.4075,
2,EK-1,BW,2.897,1/11/2021,17:00,0.3808,30.641,1/13/2021,16:00,0.3123,27.1509,0.0685,3.4901,
3,EK-1,MAP,2.567,1/11/2021,17:00,0.3649,33.4213,1/13/2021,16:00,0.2851,30.6127,0.0798,2.8086,
4,EK-1,AMB,2.492,1/11/2021,17:00,0.3315,31.9669,1/13/2021,16:00,0.2389,29.711,0.0926,2.2559,
5,EK-1,XAN,,1/11/2021,17:00,0.3748,29.6009,1/13/2021,16:00,0.2712,27.2344,0.1036,2.3665,
6,EK-1,IVA,2.595,1/11/2021,17:00,0.3975,37.5407,1/13/2021,16:00,0.2212,34.5284,0.1763,3.0123,
7,EK-2,SUN,,1/11/2021,17:00,0.3857,28.0785,1/13/2021,16:00,0.3555,25.5513,0.0302,2.5272,
8,EK-2,BW,2.412,1/11/2021,17:00,0.3802,32.1289,1/13/2021,16:00,0.3365,29.6486,0.0437,2.4803,
9,EK-2,MAP,,1/11/2021,17:00,0.3589,29.6224,1/13/2021,16:00,NA,NA,NA,NA,
10,EK-2,AMB,2.905,1/11/2021,17:00,0.3531,29.7341,1/13/2021,16:00,0.2617,24.988,0.0914,4.7461,
11,EK-2,XAN,,1/11/2021,17:00,0.3711,37.0984,1/13/2021,16:00,0.2845,33.3155,0.0866,3.7829,
12,EK-2,IVA,,1/11/2021,17:00,0.3823,29.2706,1/13/2021,16:00,0.2571,26.2334,0.1252,3.0372,
13,CS-2,SUN,2.224,1/11/2021,17:00,0.3998,29.1511,1/13/2021,16:00,0.3647,25.9195,0.0351,3.2316,
14,CS-2,BW,2.686,1/11/2021,17:00,0.3742,28.8967,1/13/2021,16:00,0.3293,17.0704,0.0449,11.8263,
15,CS-2,MAP,2.385,1/11/2021,17:00,0.4045,29.0245,1/13/2021,16:00,0.3461,26.0726,0.0584,2.9519,
16,CS-2,AMB,2.722,1/11/2021,17:00,0.3259,28.9463,1/13/2021,16:00,0.2559,25.1823,0.07,3.764,
17,CS-2,XAN,2.533,1/11/2021,17:00,0.3899,28.6697,1/13/2021,16:00,0.2793,25.8967,0.1106,2.773,
18,CS-2,IVA,2.555,1/11/2021,17:00,0.3808,31.2959,1/13/2021,16:00,0.1899,27.9145,0.1909,3.3814,
19,EK-1,SUN,2.335,1/11/2021,17:00,0.3805,29.0867,1/13/2021,16:00,0.3186,25.9554,0.0619,3.1313,
20,EK-1,BW,2.042,1/11/2021,17:00,0.3889,26.5673,1/13/2021,16:00,0.367,17.7937,0.0219,8.7736,
21,EK-1,MAP,2.711,1/11/2021,17:00,0.3991,29.1883,1/13/2021,16:00,0.284,26.3615,0.1151,2.8268,
22,EK-1,AMB,,1/11/2021,17:00,0.3583,29.1342,1/13/2021,16:00,0.1994,26.7429,0.1589,2.3913,
23,EK-1,XAN,,1/11/2021,17:00,0.3588,28.4779,1/13/2021,16:00,NA,NA,NA,NA,
24,EK-1,IVA,,1/11/2021,17:00,0.3735,30.8387,1/13/2021,16:00,0.2502,28.5542,0.1233,2.2845,
25,EK-2,SUN,2.467,1/11/2021,17:00,0.3171,29.314,1/13/2021,16:00,0.283,26.1078,0.0341,3.2062,
26,EK-2,BW,,1/11/2021,17:00,0.3864,29.1559,1/13/2021,16:00,0.3631,26.1965,0.0233,2.9594,
27,EK-2,MAP,2.701,1/11/2021,17:00,0.4177,34.9499,1/13/2021,16:00,0.3193,23.9748,0.0984,10.9751,
28,EK-2,AMB,,1/11/2021,17:00,0.3501,31.2216,1/13/2021,16:00,NA,NA,NA,NA,
29,EK-2,XAN,,1/11/2021,17:00,0.3718,28.5861,1/13/2021,16:00,NA,NA,NA,NA,
30,EK-2,IVA,,1/11/2021,17:00,0.3553,29.2389,1/13/2021,16:00,0.2136,26.6978,0.1417,2.5411,
31,CS-2,SUN,2.438,1/11/2021,17:00,0.3621,29.004,1/13/2021,16:00,0.3139,26.9715,0.0482,2.0325,
32,CS-2,BW,2.402,1/11/2021,17:00,0.3632,31.9659,1/13/2021,16:00,0.3217,29.8898,0.0415,2.0761,
33,CS-2,MAP,2.381,1/11/2021,17:00,0.4162,29.4609,1/13/2021,16:00,0.3335,26.6147,0.0827,2.8462,
34,CS-2,AMB,2.169,1/11/2021,17:00,0.3457,29.2618,1/13/2021,16:00,0.2204,26.9789,0.1253,2.2829,
35,CS-2,XAN,2.265,1/11/2021,17:00,0.386,30.3548,1/13/2021,16:00,0.2752,28.356,0.1108,1.9988,
36,CS-2,IVA,2.465,1/11/2021,17:00,0.3571,35.3979,1/13/2021,16:00,0.1998,32.3872,0.1573,3.0107,
37,EK-1,SUN,,1/12/2021,16:00,0.3438,28.8518,1/14/2021,11:00,NA,NA,NA,NA,
38,EK-1,BW,,1/12/2021,16:00,0.3987,27.7593,1/14/2021,11:00,0.3726,24.2194,0.0261,3.5399,
39,EK-1,MAP,2.237,1/12/2021,16:00,0.3829,29.847,1/14/2021,11:00,0.3111,27.2692,0.0718,2.5778,
40,EK-1,AMB,2.814,1/12/2021,16:00,0.3962,31.5442,1/14/2021,11:00,0.2637,17.0344,0.1325,14.5098,
41,EK-1,XAN,2.713,1/12/2021,16:00,0.347,29.0381,1/14/2021,11:00,0.2646,26.5998,0.0824,2.4383,
42,EK-1,IVA,,1/12/2021,16:00,0.3397,27.4239,1/14/2021,11:00,NA,25.2197,NA,2.2042,
43,EK-2,SUN,2.333,1/12/2021,16:00,0.3519,28.9981,1/14/2021,11:00,0.3187,26.8164,0.0332,2.1817,
44,EK-2,BW,2.1117,1/12/2021,16:00,0.3513,30.0307,1/14/2021,11:00,0.3183,27.682,0.033,2.3487,
45,EK-2,MAP,2.307,1/12/2021,16:00,0.3726,27.7247,1/14/2021,11:00,0.2922,20.2155,0.0804,7.5092,
46,EK-2,AMB,,1/12/2021,16:00,0.3392,28.9516,1/14/2021,11:00,0.2592,26.6209,0.08,2.3307,
47,EK-2,XAN,,1/12/2021,16:00,0.3608,28.4583,1/14/2021,11:00,0.2701,24.5673,0.0907,3.891,
48,EK-2,IVA,2.839,1/12/2021,16:00,0.3758,27.9185,1/14/2021,11:00,0.2174,24.7232,0.1584,3.1953,crumbs everywhere in cup; maybe don't include pollen measurement
49,CS-2,SUN,2.306,1/12/2021,16:00,0.4115,31.6555,1/14/2021,11:00,0.3782,29.512,0.0333,2.1435,
50,CS-2,BW,,1/12/2021,16:00,0.3775,26.7982,1/14/2021,11:00,0.3621,24.5758,0.0154,2.2224,
51,CS-2,MAP,2.839,1/12/2021,16:00,0.3928,28.7794,1/14/2021,11:00,0.3117,24.9916,0.0811,3.7878,
52,CS-2,AMB,NA,1/12/2021,16:00,0.3781,28.8432,1/14/2021,11:00,0.267,26.9893,0.1111,1.8539,
53,CS-2,XAN,1.982,1/12/2021,16:00,0.3321,31.3702,1/14/2021,11:00,0.2605,26.7826,0.0716,4.5876,
54,CS-2,IVA,,1/12/2021,16:00,0.4174,31.0425,1/14/2021,11:00,0.2434,28.6773,0.174,2.3652,
55,EK-1,SUN,2.432,1/12/2021,16:00,0.4066,30.1967,1/14/2021,11:00,0.3891,28.3557,0.0175,1.841,
56,EK-1,BW,2.513,1/12/2021,16:00,0.3927,29.1942,1/14/2021,11:00,0.3781,19.8657,0.0146,9.3285,
57,EK-1,MAP,2.743,1/12/2021,16:00,0.4239,29.3662,1/14/2021,11:00,0.3737,26.8926,0.0502,2.4736,
58,EK-1,AMB,2.673,1/12/2021,16:00,0.3642,28.312,1/14/2021,11:00,0.2551,26.323,0.1091,1.989,
59,EK-1,XAN,,1/12/2021,16:00,0.3358,33.2028,1/14/2021,11:00,0.253,30.0307,0.0828,3.1721,
60,EK-1,IVA,,1/12/2021,16:00,0.3687,31.8319,1/14/2021,11:00,NA,NA,NA,NA,
61,EK-2,SUN,2.655,1/12/2021,16:00,0.396,29.1587,1/14/2021,11:00,0.3608,29.6815,0.0352,-0.5228,
62,EK-2,BW,2.781,1/12/2021,16:00,0.3966,29.4013,1/14/2021,11:00,0.3465,27.0637,0.0501,2.3376,
63,EK-2,MAP,,1/12/2021,16:00,0.4116,29.123,1/14/2021,11:00,0.3342,27.5888,0.0774,1.5342,
64,EK-2,AMB,,1/12/2021,16:00,0.3406,26.5804,1/14/2021,11:00,NA,NA,NA,NA,
65,EK-2,XAN,3.091,1/12/2021,16:00,0.3614,29.3018,1/14/2021,11:00,0.2627,26.0402,0.0987,3.2616,
66,EK-2,IVA,2.344,1/12/2021,16:00,0.3957,30.231,1/14/2021,11:00,NA,26.0961,NA,4.1349,
67,CS-2,SUN,2.962,1/12/2021,16:00,0.3954,28.9325,1/14/2021,11:00,0.3843,27.3434,0.0111,1.5891,
68,CS-2,BW,2.393,1/12/2021,16:00,0.3921,28.7333,1/14/2021,11:00,0.3583,26.6615,0.0338,2.0718,
69,CS-2,MAP,,1/12/2021,16:00,0.3929,28.5739,1/14/2021,11:00,0.3183,26.3817,0.0746,2.1922,
70,CS-2,AMB,2.443,1/12/2021,16:00,0.358,28.8793,1/14/2021,11:00,0.2632,26.6841,0.0948,2.1952,
71,CS-2,XAN,2.678,1/12/2021,16:00,0.3577,29.0628,1/14/2021,11:00,0.2476,26.8405,0.1101,2.2223,
72,CS-2,IVA,2.349,1/12/2021,16:00,0.4149,28.4844,1/14/2021,11:00,0.2709,26.2906,0.144,2.1938,
73,EK-1,SUN,2.47,1/13/2021,16:00,0.4397,29.1447,1/15/2021,11:00,0.4322,24.3967,0.0075,4.748,
74,EK-1,BW,2.93,1/13/2021,16:00,0.4199,30.8398,1/15/2021,11:00,0.4102,26.5126,0.0097,4.3272,
75,EK-1,MAP,2.658,1/13/2021,16:00,0.3999,29.5053,1/15/2021,11:00,0.3075,26.9233,0.0924,2.582,
76,EK-1,AMB,NA,1/13/2021,16:00,0.3763,29.2266,1/15/2021,11:00,,,0.3763,29.2266,
77,EK-1,XAN,2.905,1/13/2021,16:00,0.3875,29.4866,1/15/2021,11:00,0.2834,20.2545,0.1041,9.2321,
78,EK-1,IVA,,1/13/2021,16:00,0.3696,29.2672,1/15/2021,11:00,0.2673,26.9499,0.1023,2.3173,
79,EK-2,SUN,2.368,1/13/2021,16:00,0.3782,29.4113,1/15/2021,11:00,0.2424,26.9496,0.1358,2.4617,
80,EK-2,BW,2.394,1/13/2021,16:00,0.4384,29.4266,1/15/2021,11:00,0.4194,27.2455,0.019,2.1811,
81,EK-2,MAP,,1/13/2021,16:00,0.3943,30.3682,1/15/2021,11:00,0.3311,27.5867,0.0632,2.7815,
82,EK-2,AMB,2.427,1/13/2021,16:00,0.3715,37.5666,1/15/2021,11:00,0.285,20.6551,0.0865,16.9115,
83,EK-2,XAN,2.447,1/13/2021,16:00,0.3882,29.159,1/15/2021,11:00,0.2876,25.6682,0.1006,3.4908,
84,EK-2,IVA,,1/13/2021,16:00,0.3545,25.619,1/15/2021,11:00,0.2663,23.0753,0.0882,2.5437,
85,CS-2,SUN,2.274,1/13/2021,16:00,0.377,27.0247,1/15/2021,11:00,0.3325,24.5726,0.0445,2.4521,
86,CS-2,BW,,1/13/2021,16:00,0.4316,28.9319,1/15/2021,11:00,,,0.4316,28.9319,
87,CS-2,MAP,2.353,1/13/2021,16:00,0.4087,28.4556,1/15/2021,11:00,0.3381,20.0146,0.0706,8.441,
88,CS-2,AMB,2.597,1/13/2021,16:00,0.3555,31.0894,1/15/2021,11:00,0.2756,28.0304,0.0799,3.059,
89,CS-2,XAN,NA,1/13/2021,16:00,0.3814,28.7845,1/15/2021,11:00,,,0.3814,28.7845,
90,CS-2,IVA,2.827,1/13/2021,16:00,0.3624,23.9186,1/15/2021,11:00,0.2599,19.9557,0.1025,3.9629,
91,EK-1,SUN,2.714,1/13/2021,16:00,0.3988,38.8708,1/15/2021,11:00,0.3758,36.524,0.023,2.3468,
92,EK-1,BW,NA,1/13/2021,16:00,0.4003,29.1268,1/15/2021,11:00,0.3852,26.7743,0.0151,2.3525,
93,EK-1,MAP,2.853,1/13/2021,16:00,0.3897,30.7666,1/15/2021,11:00,0.3519,28.3625,0.0378,2.4041,
94,EK-1,AMB,2.551,1/13/2021,16:00,0.3572,33.2129,1/15/2021,11:00,0.2674,31.0223,0.0898,2.1906,
95,EK-1,XAN,2.092,1/13/2021,16:00,0.4091,33.4572,1/15/2021,11:00,0.3036,31.5404,0.1055,1.9168,
96,EK-1,IVA,2.358,1/13/2021,16:00,0.3342,34.1876,1/15/2021,11:00,0.258,31.8769,0.0762,2.3107,
97,EK-2,SUN,2.074,1/13/2021,16:00,0.3972,30.4863,1/15/2021,11:00,0.363,28.501,0.0342,1.9853,
98,EK-2,BW,2.253,1/13/2021,16:00,0.406,28.999,1/15/2021,11:00,0.3845,26.4517,0.0215,2.5473,
99,EK-2,MAP,,1/13/2021,16:00,0.4595,28.8493,1/15/2021,11:00,0.3876,26.5082,0.0719,2.3411,
100,EK-2,AMB,2.827,1/13/2021,16:00,0.3393,27.8144,1/15/2021,11:00,0.2697,25.4367,0.0696,2.3777,
101,EK-2,XAN,,1/13/2021,16:00,0.3957,28.8692,1/15/2021,11:00,0.2987,26.7721,0.097,2.0971,
102,EK-2,IVA,2.119,1/13/2021,16:00,0.3642,29.8338,1/15/2021,11:00,0.2708,27.3265,0.0934,2.5073,
103,CS-2,SUN,2.318,1/13/2021,16:00,0.3976,28.0898,1/15/2021,11:00,0.388,26.2321,0.0096,1.8577,
104,CS-2,BW,2.66,1/13/2021,16:00,0.4502,26.9093,1/15/2021,11:00,0.4176,22.6741,0.0326,4.2352,
105,CS-2,MAP,2.168,1/13/2021,16:00,0.4421,28.8772,1/15/2021,11:00,0.3692,22.5055,0.0729,6.3717,
106,CS-2,AMB,2.397,1/13/2021,16:00,0.3536,28.9886,1/15/2021,11:00,0.2843,26.8809,0.0693,2.1077,
107,CS-2,XAN,,1/13/2021,16:00,0.3368,33.1195,1/15/2021,11:00,0.2703,31.0849,0.0665,2.0346,
108,CS-2,IVA,2.443,1/13/2021,16:00,0.3969,29.1433,1/15/2021,18:30,0.2859,26.5634,0.111,2.5799,
109,EK-1,SUN,2.76,1/14/2021,15:00,0.3864,20.126,1/16/2021,18:30,0.3505,16.2125,0.0359,3.9135,
110,EK-1,BW,2.491,1/14/2021,15:00,0.3705,29.7179,1/16/2021,18:30,0.352,26.3303,0.0185,3.3876,
111,EK-1,MAP,,1/14/2021,15:00,0.3461,21.4626,1/16/2021,18:30,NA,NA,NA,NA,
112,EK-1,AMB,3.172,1/14/2021,15:00,0.3338,28.7027,1/16/2021,18:30,0.2502,24.4846,0.0836,4.2181,
113,EK-1,XAN,,1/14/2021,15:00,0.3931,28.646,1/16/2021,18:30,0.289,25.3043,0.1041,3.3417,
114,EK-1,IVA,3.008,1/14/2021,15:00,0.3619,30.4023,1/16/2021,18:30,0.2642,26.8073,0.0977,3.595,
115,EK-2,SUN,2.338,1/14/2021,15:00,0.3915,28.099,1/16/2021,18:30,0.3415,24.412,0.05,3.687,
116,EK-2,BW,2.674,1/14/2021,15:00,0.4015,30.34,1/16/2021,18:30,0.3667,26.8761,0.0348,3.4639,
117,EK-2,MAP,3.088,1/14/2021,15:00,0.3836,33.0976,1/16/2021,18:30,0.261,29.1471,0.1226,3.9505,
118,EK-2,AMB,2.57,1/14/2021,15:00,0.3175,28.3273,1/16/2021,18:30,0.2609,24.8919,0.0566,3.4354,
119,EK-2,XAN,2.541,1/14/2021,15:00,0.3842,20.2365,1/16/2021,18:30,0.284,16.4928,0.1002,3.7437,
120,EK-2,IVA,,1/14/2021,15:00,0.3877,28.7558,1/16/2021,18:30,0.2642,26.7585,0.1235,1.9973,
121,CS-2,SUN,2.809,1/14/2021,15:00,0.3836,28.6444,1/16/2021,18:30,0.3713,25.7317,0.0123,2.9127,
122,CS-2,BW,2.761,1/14/2021,15:00,0.3681,29.8702,1/16/2021,18:30,0.3392,27.8075,0.0289,2.0627,
123,CS-2,MAP,NA,1/14/2021,15:00,0.3731,28.7454,1/16/2021,18:30,0.2983,25.6568,0.0748,3.0886,
124,CS-2,AMB,2.507,1/14/2021,15:00,0.3368,28.6438,1/16/2021,18:30,0.2741,26.6198,0.0627,2.024,
125,CS-2,XAN,2.445,1/14/2021,15:00,0.3404,28.8357,1/16/2021,18:30,0.2685,25.7072,0.0719,3.1285,
126,CS-2,IVA,,1/14/2021,15:00,0.3599,26.2471,1/16/2021,18:30,NA,NA,NA,NA,
127,EK-1,SUN,,1/14/2021,15:00,0.3947,28.704,1/16/2021,18:30,0.364,25.8654,0.0307,2.8386,
128,EK-1,BW,2.502,1/14/2021,15:00,0.3761,31.5192,1/16/2021,18:30,0.3576,28.4094,0.0185,3.1098,
129,EK-1,MAP,2.876,1/14/2021,15:00,0.3425,28.632,1/16/2021,18:30,0.2867,25.0902,0.0558,3.5418,
130,EK-1,AMB,2.604,1/14/2021,15:00,0.2824,29.001,1/16/2021,18:30,NA,NA,NA,NA,
131,EK-1,XAN,2.932,1/14/2021,15:00,0.3331,28.9588,1/16/2021,18:30,0.2667,25.5993,0.0664,3.3595,
132,EK-1,IVA,2.487,1/14/2021,15:00,0.3624,29.8234,1/16/2021,18:30,0.2679,26.4131,0.0945,3.4103,
133,EK-2,SUN,2.423,1/14/2021,15:00,0.351,29.936,1/16/2021,18:30,0.3236,27.5625,0.0274,2.3735,
134,EK-2,BW,2.469,1/14/2021,15:00,0.39,29.0064,1/16/2021,18:30,0.3417,26.1442,0.0483,2.8622,
135,EK-2,MAP,2.481,1/14/2021,15:00,0.3824,28.7819,1/16/2021,18:30,0.3169,26.0456,0.0655,2.7363,
136,EK-2,AMB,,1/14/2021,15:00,0.2865,28.7659,1/16/2021,18:30,0.2491,26.7208,0.0374,2.0451,
137,EK-2,XAN,3.103,1/14/2021,15:00,0.3798,28.712,1/16/2021,18:30,0.2874,26.328,0.0924,2.384,
138,EK-2,IVA,2.613,1/14/2021,15:00,0.3602,29.0508,1/16/2021,18:30,0.2723,26.1357,0.0879,2.9151,
139,CS-2,SUN,2.511,1/14/2021,15:00,0.3991,30.7146,1/16/2021,18:30,0.3774,28.7288,0.0217,1.9858,
140,CS-2,BW,2.931,1/14/2021,15:00,0.3576,37.658,1/16/2021,18:30,0.2998,24.7899,0.0578,12.8681,
141,CS-2,MAP,2.595,1/14/2021,15:00,0.3941,29.9894,1/16/2021,18:30,0.3294,27.2246,0.0647,2.7648,
142,CS-2,AMB,2.667,1/14/2021,15:00,0.3448,28.9158,1/16/2021,18:30,0.2663,26.1761,0.0785,2.7397,
143,CS-2,XAN,3.153,1/14/2021,15:00,0.3366,29.4323,1/16/2021,18:30,0.2542,27.4132,0.0824,2.0191,
144,CS-2,IVA,2.366,1/14/2021,15:00,0.3716,30.3951,1/16/2021,18:30,0.2546,27.7543,0.117,2.6408,
145,EK-1,SUN,2.262,1/15/2021,14:30,0.3388,24.4685,1/17/2021,15:00,0.3433,21.0619,-0.0045,3.4066,
146,EK-1,BW,2.258,1/15/2021,14:30,0.3703,31.3493,1/17/2021,15:00,0.3126,28.1167,0.0577,3.2326,
147,EK-1,MAP,2.72,1/15/2021,14:30,0.3607,27.7178,1/17/2021,15:00,0.3053,24.5423,0.0554,3.1755,
148,EK-1,AMB,2.921,1/15/2021,14:30,0.3208,29.1489,1/17/2021,15:00,0.2619,25.0236,0.0589,4.1253,
149,EK-1,XAN,2.516,1/15/2021,14:30,0.3628,28.7471,1/17/2021,15:00,0.2652,24.863,0.0976,3.8841,
150,EK-1,IVA,2.799,1/15/2021,14:30,0.3712,28.2876,1/17/2021,15:00,NA,24.9551,NA,3.3325,
151,EK-2,SUN,2.485,1/15/2021,14:30,0.3665,29.3001,1/17/2021,15:00,0.3429,26.21,0.0236,3.0901,
152,EK-2,BW,2.415,1/15/2021,14:30,0.3342,27.7998,1/17/2021,15:00,0.2918,24.8333,0.0424,2.9665,
153,EK-2,MAP,2.687,1/15/2021,14:30,0.3611,29.8744,1/17/2021,15:00,0.2803,26.736,0.0808,3.1384,
154,EK-2,AMB,2.471,1/15/2021,14:30,0.3116,28.8272,1/17/2021,15:00,NA,25.6076,NA,3.2196,
155,EK-2,XAN,,1/15/2021,14:30,0.3623,33.7789,1/17/2021,15:00,0.2709,30.6062,0.0914,3.1727,
156,EK-2,IVA,2.395,1/15/2021,14:30,0.3571,28.9813,1/17/2021,15:00,0.2578,25.4434,0.0993,3.5379,
157,CS-2,SUN,2.348,1/15/2021,14:30,0.3827,28.5746,1/17/2021,15:00,0.3492,25.6154,0.0335,2.9592,
158,CS-2,BW,2.068,1/15/2021,14:30,0.3703,28.4056,1/17/2021,15:00,0.3497,25.3792,0.0206,3.0264,
159,CS-2,MAP,2.769,1/15/2021,14:30,0.3734,30.28,1/17/2021,15:00,0.3182,26.9,0.0552,3.38,
160,CS-2,AMB,2.345,1/15/2021,14:30,0.3438,19.1322,1/17/2021,15:00,NA,25.5451,NA,-6.4129,
161,CS-2,XAN,,1/15/2021,14:30,0.3739,27.8369,1/17/2021,15:00,NA,23.68,NA,4.1569,
162,CS-2,IVA,3.443,1/15/2021,14:30,0.3846,29.1693,1/17/2021,15:00,NA,24.3204,NA,4.8489,
163,EK-1,SUN,2.747,1/15/2021,14:30,0.3769,27.9238,1/17/2021,15:00,0.317,22.5437,0.0599,5.3801,
164,EK-1,BW,2.498,1/15/2021,14:30,0.3429,28.6129,1/17/2021,15:00,0.3329,25.4744,0.01,3.1385,
165,EK-1,MAP,3.282,1/15/2021,14:30,0.3545,25.2633,1/17/2021,15:00,0.2999,16.5555,0.0546,8.7078,
166,EK-1,AMB,3.07,1/15/2021,14:30,0.3176,25.0248,1/17/2021,15:00,0.2307,21.2578,0.0869,3.767,
167,EK-1,XAN,,1/15/2021,14:30,0.3883,28.632,1/17/2021,15:00,0.2733,26.2881,0.115,2.3439,
168,EK-1,IVA,,1/15/2021,14:30,0.3762,28.9443,1/17/2021,15:00,0.2638,25.3573,0.1124,3.587,
169,EK-2,SUN,2.137,1/15/2021,14:30,0.433,28.9429,1/17/2021,15:00,0.387,26.3271,0.046,2.6158,
170,EK-2,BW,2.2,1/15/2021,14:30,0.3497,29.0689,1/17/2021,15:00,0.3236,26.4292,0.0261,2.6397,
171,EK-2,MAP,2.794,1/15/2021,14:30,0.4107,27.3851,1/17/2021,15:00,0.2932,23.9094,0.1175,3.4757,
172,EK-2,AMB,2.849,1/15/2021,14:30,0.3124,31.9063,1/17/2021,15:00,0.2239,29.0157,0.0885,2.8906,
173,EK-2,XAN,,1/15/2021,14:30,0.3492,28.8614,1/17/2021,15:00,0.2619,26.0221,0.0873,2.8393,
174,EK-2,IVA,,1/15/2021,14:30,0.3678,26.107,1/17/2021,15:00,NA,22.9985,NA,3.1085,
175,CS-2,SUN,2.696,1/15/2021,14:30,0.3623,29.0947,1/17/2021,15:00,0.317,25.9286,0.0453,3.1661,
176,CS-2,BW,2.652,1/15/2021,14:30,0.3941,26.9142,1/17/2021,15:00,0.36,22.8366,0.0341,4.0776,
177,CS-2,MAP,2.436,1/15/2021,14:30,0.3955,29.1078,1/17/2021,15:00,0.3284,26.4043,0.0671,2.7035,
178,CS-2,AMB,2.059,1/15/2021,14:30,0.3359,26.8291,1/17/2021,15:00,0.2589,23.7074,0.077,3.1217,
179,CS-2,XAN,2.654,1/15/2021,14:30,0.3583,25.201,1/17/2021,15:00,0.2665,22.0136,0.0918,3.1874,
180,CS-2,IVA,2.722,1/15/2021,14:30,0.3686,28.4464,1/17/2021,15:00,NA,24.6524,NA,3.794,
181,EK-2,SUN,2.702,1/25/2021,15:00,0.28,28.3851,1/27/2021,11:00,0.2322,25.9854,0.0478,2.3997,
182,EK-2,BW,2.596,1/25/2021,15:00,0.3001,28.5134,1/27/2021,11:00,0.2597,25.9058,0.0404,2.6076,
183,EK-2,MAP,,1/25/2021,15:00,0.2874,28.2748,1/27/2021,11:00,0.2611,26.19,0.0263,2.0848,
184,EK-2,AMB,2.407,1/25/2021,15:00,0.2741,28.501,1/27/2021,11:00,0.2203,26.1234,0.0538,2.3776,
185,EK-2,XAN,2.562,1/25/2021,15:00,0.2886,28.2864,1/27/2021,11:00,0.2354,26.431,0.0532,1.8554,
186,EK-2,IVA,2.519,1/25/2021,15:00,0.2805,30.346,1/27/2021,11:00,0.2287,27.5708,0.0518,2.7752,
187,EK-2,SUN,2.536,1/25/2021,15:00,0.2823,30.135,1/27/2021,11:00,0.2314,27.236,0.0509,2.899,
188,EK-2,BW,2.301,1/25/2021,15:00,0.2852,28.3416,1/27/2021,11:00,0.2648,26.2847,0.0204,2.0569,
189,EK-2,MAP,2.865,1/25/2021,15:00,0.29,28.7607,1/27/2021,11:00,0.2507,26.0464,0.0393,2.7143,
190,EK-2,AMB,,1/25/2021,15:00,0.2735,28.6697,1/27/2021,11:00,NA,NA,NA,NA,
191,EK-2,XAN,2.534,1/25/2021,15:00,0.2816,28.8295,1/27/2021,11:00,0.2286,26.8146,0.053,2.0149,
192,EK-2,IVA,,1/25/2021,15:00,0.2889,26.0639,1/27/2021,11:00,0.2268,24.0538,0.0621,2.0101,
193,CS-2,SUN,2.522,1/25/2021,15:00,0.2848,28.4476,1/27/2021,11:00,0.2687,26.7873,0.0161,1.6603,
194,CS-2,BW,,1/25/2021,15:00,0.2789,28.44,1/27/2021,11:00,NA,NA,NA,NA,
195,CS-2,MAP,3.058,1/25/2021,15:00,0.2914,28.0882,1/27/2021,11:00,0.2303,25.1936,0.0611,2.8946,
196,CS-2,AMB,3.303,1/25/2021,15:00,0.2751,30.4077,1/27/2021,11:00,0.2229,28.4406,0.0522,1.9671,
197,CS-2,XAN,,1/25/2021,15:00,0.2621,30.4818,1/27/2021,11:00,0.2065,28.379,0.0556,2.1028,
198,CS-2,IVA,,1/25/2021,15:00,0.2815,29.7935,1/27/2021,11:00,0.2219,26.1587,0.0596,3.6348,
199,CS-2,SUN,,1/25/2021,15:00,0.2715,29.3268,1/27/2021,11:00,0.2056,27.0859,0.0659,2.2409,
200,CS-2,BW,2.405,1/25/2021,15:00,0.2771,28.9198,1/27/2021,11:00,0.2639,26.7738,0.0132,2.146,
201,CS-2,MAP,2.523,1/25/2021,15:00,0.285,28.9894,1/27/2021,11:00,0.2423,26.7745,0.0427,2.2149,
202,CS-2,AMB,2.693,1/25/2021,15:00,0.2788,28.9863,1/27/2021,11:00,0.2271,26.7665,0.0517,2.2198,
203,CS-2,XAN,,1/25/2021,15:00,0.2793,28.7851,1/27/2021,11:00,0.234,26.4236,0.0453,2.3615,
204,CS-2,IVA,2.851,1/25/2021,15:00,0.2937,30.7161,1/27/2021,11:00,0.2325,28.0921,0.0612,2.624,
205,EK-2,SUN,2.746,1/25/2021,15:00,0.2635,30.6947,1/27/2021,11:00,0.2117,25.4516,0.0518,5.2431,
206,EK-2,BW,2.73,1/25/2021,15:00,0.2907,28.5531,1/27/2021,11:00,0.2657,25.1507,0.025,3.4024,
207,EK-2,MAP,,1/25/2021,15:00,0.2857,29.0389,1/27/2021,11:00,NA,NA,NA,NA,
208,EK-2,AMB,,1/25/2021,15:00,0.2786,29.0273,1/27/2021,11:00,0.2157,27.3721,0.0629,1.6552,
209,EK-2,XAN,2.881,1/25/2021,15:00,0.2828,27.8064,1/27/2021,11:00,0.2376,25.0072,0.0452,2.7992,
210,EK-2,IVA,,1/25/2021,15:00,0.3091,30.6257,1/27/2021,11:00,NA,NA,NA,NA,
211,CS-2,SUN,3.134,1/25/2021,15:00,0.2803,29.4783,1/27/2021,11:00,0.246,27.1871,0.0343,2.2912,
212,CS-2,BW,2.76,1/25/2021,15:00,0.2821,27.9274,1/27/2021,11:00,0.2666,25.6785,0.0155,2.2489,
213,CS-2,MAP,2.387,1/25/2021,15:00,0.2686,29.2561,1/27/2021,11:00,0.2382,27.1613,0.0304,2.0948,
214,CS-2,AMB,2.696,1/25/2021,15:00,0.2699,29.2561,1/27/2021,11:00,0.2315,26.8991,0.0384,2.357,
215,CS-2,XAN,2.816,1/25/2021,15:00,0.2607,30.1138,1/27/2021,11:00,0.2238,27.4182,0.0369,2.6956,
216,CS-2,IVA,2.553,1/25/2021,15:00,0.2983,30.3359,1/27/2021,11:00,0.2357,28.3748,0.0626,1.9611,
217,EK-2,SUN,,1/27/2021,15:30,0.2716,29.1764,1/29/2021,12:00,0.2514,26.4183,0.0202,2.7581,
218,EK-2,BW,2.603,1/27/2021,15:30,0.2862,29.0604,1/29/2021,12:00,0.2545,26.8,0.0317,2.2604,
219,EK-2,MAP,,1/27/2021,15:30,0.2843,29.9954,1/29/2021,12:00,NA,NA,NA,NA,
220,EK-2,AMB,,1/27/2021,15:30,0.2639,29.1856,1/29/2021,12:00,0.2259,25.3277,0.038,3.8579,
221,EK-2,XAN,2.559,1/27/2021,15:30,0.227,27.9854,1/29/2021,12:00,NA,25.609,NA,2.3764,
222,EK-2,IVA,,1/27/2021,15:30,0.2901,27.7943,1/29/2021,12:00,0.236,25.6045,0.0541,2.1898,
223,CS-2,SUN,2.5,1/27/2021,15:30,0.2867,29.3857,1/29/2021,12:00,0.2847,26.4845,0.002,2.9012,
224,CS-2,BW,,1/27/2021,15:30,0.3025,29.5053,1/29/2021,12:00,0.2793,27.2664,0.0232,2.2389,
225,CS-2,MAP,2.653,1/27/2021,15:30,0.2701,29.1791,1/29/2021,12:00,0.2392,26.7682,0.0309,2.4109,
226,CS-2,AMB,,1/27/2021,15:30,0.2833,25.9139,1/29/2021,12:00,0.2337,23.872,0.0496,2.0419,
227,CS-2,XAN,,1/27/2021,15:30,0.2646,24.6491,1/29/2021,12:00,0.2239,22.3115,0.0407,2.3376,
228,CS-2,IVA,2.481,1/27/2021,15:30,0.2811,27.8729,1/29/2021,12:00,NA,25.6243,NA,2.2486,
229,EK-2,SUN,2.444,1/27/2021,15:30,0.2846,29.0158,1/29/2021,12:00,0.2674,26.1152,0.0172,2.9006,
230,EK-2,BW,2.508,1/27/2021,15:30,0.302,29.4915,1/29/2021,12:00,NA,27.3647,NA,2.1268,
231,EK-2,MAP,2.607,1/27/2021,15:30,0.2705,29.1442,1/29/2021,12:00,0.2385,26.5443,0.032,2.5999,
232,EK-2,AMB,,1/27/2021,15:30,0.2746,30.8345,1/29/2021,12:00,0.2327,28.6289,0.0419,2.2056,
233,EK-2,XAN,,1/27/2021,15:30,0.2885,25.7336,1/29/2021,12:00,NA,NA,NA,NA,
234,EK-2,IVA,,1/27/2021,15:30,0.2735,29.1576,1/29/2021,12:00,0.2277,26.9678,0.0458,2.1898,
235,CS-2,SUN,,1/27/2021,15:30,0.2756,29.5494,1/29/2021,12:00,0.2678,27.3298,0.0078,2.2196,
236,CS-2,BW,2.313,1/27/2021,15:30,0.286,26.8635,1/29/2021,12:00,0.26,24.4832,0.026,2.3803,
237,CS-2,MAP,2.679,1/27/2021,15:30,0.2735,28.914,1/29/2021,12:00,0.2428,27.1191,0.0307,1.7949,
238,CS-2,AMB,2.379,1/27/2021,15:30,0.2756,29.1307,1/29/2021,12:00,NA,27.2841,NA,1.8466,
239,CS-2,XAN,3.023,1/27/2021,15:30,0.2343,29.1639,1/29/2021,12:00,0.2149,26.7041,0.0194,2.4598,
240,CS-2,IVA,3.356,1/27/2021,15:30,0.2925,28.9165,1/29/2021,12:00,NA,26.3585,NA,2.558,
241,EK-2,SUN,2.605,1/27/2021,15:30,0.3013,28.9341,1/29/2021,12:00,0.2041,26.2113,0.0972,2.7228,
242,EK-2,BW,2.775,1/27/2021,15:30,0.2881,27.9357,1/29/2021,12:00,0.2584,25.7326,0.0297,2.2031,
243,EK-2,MAP,2.326,1/27/2021,15:30,0.2842,28.0944,1/29/2021,12:00,NA,26.9301,NA,1.1643,
244,EK-2,AMB,,1/27/2021,15:30,0.293,29.3746,1/29/2021,12:00,0.2385,27.6145,0.0545,1.7601,
245,EK-2,XAN,,1/27/2021,15:30,0.2908,29.1146,1/29/2021,12:00,NA,NA,NA,NA,
246,EK-2,IVA,,1/27/2021,15:30,0.2875,29.2274,1/29/2021,12:00,0.2347,26.2945,0.0528,2.9329,
247,CS-2,SUN,2.456,1/27/2021,15:30,0.2928,29.2099,1/29/2021,12:00,0.2786,27.4367,0.0142,1.7732,
248,CS-2,BW,2.355,1/27/2021,15:30,0.2704,29.0528,1/29/2021,12:00,NA,27.0275,NA,2.0253,
249,CS-2,MAP,2.622,1/27/2021,15:30,0.2536,38.3601,1/29/2021,12:00,0.2216,36.043,0.032,2.3171,
250,CS-2,AMB,2.403,1/27/2021,15:30,0.283,29.3661,1/29/2021,12:00,0.2104,27.8412,0.0726,1.5249,
251,CS-2,XAN,,1/27/2021,15:30,0.2629,27.6856,1/29/2021,12:00,0.223,25.4612,0.0399,2.2244,
252,CS-2,IVA,,1/27/2021,15:30,0.29,29.8396,1/29/2021,12:00,NA,27.4636,NA,2.376,
253,control,SUN,,1/11/2021,17:00,0.4894,,1/13/2021,16:00,0.465,,0.0244,,
254,control,BW,,1/11/2021,17:00,0.4268,,1/13/2021,16:00,0.4034,,0.0234,,
255,control,MAP,,1/11/2021,17:00,0.3637,,1/13/2021,16:00,0.3033,,0.0604,,
256,control,AMB,,1/11/2021,17:00,0.3423,,1/13/2021,16:00,0.2567,,0.0856,,
257,control,XAN,,1/11/2021,17:00,0.3152,,1/13/2021,16:00,NA,,NA,,
258,control,IVA,,1/11/2021,17:00,0.414,,1/13/2021,16:00,0.2768,,0.1372,,
259,control,SUN,,1/11/2021,17:00,0.4952,,1/13/2021,16:00,NA,,NA,,
260,control,BW,,1/11/2021,17:00,0.4007,,1/13/2021,16:00,0.3738,,0.0269,,
261,control,MAP,,1/11/2021,17:00,0.3697,,1/13/2021,16:00,0.3139,,0.0558,,
262,control,AMB,,1/11/2021,17:00,0.3086,,1/13/2021,16:00,NA,,NA,,
263,control,XAN,,1/11/2021,17:00,0.3938,,1/13/2021,16:00,0.2812,,0.1126,,
264,control,IVA,,1/11/2021,16:00,0.3739,,1/13/2021,16:00,0.2545,,0.1194,,
265,control,SUN,,1/12/2021,16:00,0.4258,,1/14/2021,12:00,0.4113,,0.0145,,
266,control,SUN,,1/12/2021,16:00,0.4219,,1/14/2021,12:00,0.4095,,0.0124,,
267,control,BW,,1/12/2021,16:00,0.4331,,1/14/2021,12:00,0.4114,,0.0217,,
268,control,BW,,1/12/2021,16:00,0.4603,,1/14/2021,12:00,0.4391,,0.0212,,
269,control,MAP,,1/12/2021,16:00,0.3868,,1/14/2021,12:00,0.3364,,0.0504,,
270,control,MAP,,1/12/2021,16:00,0.3815,,1/14/2021,12:00,0.3227,,0.0588,,
271,control,AMB,,1/12/2021,16:00,0.3829,,1/14/2021,12:00,0.2801,,0.1028,,
272,control,AMB,,1/12/2021,16:00,0.3759,,1/14/2021,12:00,NA,,NA,,
273,control,XAN,,1/12/2021,16:00,0.3578,,1/14/2021,12:00,NA,,NA,,
274,control,XAN,,1/12/2021,16:00,0.3796,,1/14/2021,12:00,NA,,NA,,
275,control,IVA,,1/12/2021,16:00,0.4148,,1/14/2021,12:00,NA,,NA,,
276,control,IVA,,1/12/2021,16:00,0.408,,1/14/2021,12:00,0.2666,,0.1414,,
277,control,SUN,,1/13/2021,16:00,0.3642,,1/15/2021,13:00,0.3466,,0.0176,,
278,control,SUN,,1/13/2021,16:00,0.3991,,1/15/2021,13:00,0.3869,,0.0122,,
279,control,BW,,1/13/2021,16:00,0.4535,,1/15/2021,13:00,0.4331,,0.0204,,
280,control,BW,,1/13/2021,16:00,0.4481,,1/15/2021,13:00,0.4229,,0.0252,,
281,control,MAP,,1/13/2021,16:00,0.4481,,1/15/2021,13:00,0.3737,,0.0744,,
282,control,MAP,,1/13/2021,16:00,0.4854,,1/15/2021,13:00,0.3959,,0.0895,,
283,control,AMB,,1/13/2021,16:00,0.332,,1/15/2021,13:00,0.2618,,0.0702,,
284,control,AMB,,1/13/2021,16:00,0.338,,1/15/2021,13:00,0.2721,,0.0659,,
285,control,XAN,,1/13/2021,16:00,0.3698,,1/15/2021,13:00,0.2824,,0.0874,,
286,control,XAN,,1/13/2021,16:00,0.3651,,1/15/2021,13:00,0.2776,,0.0875,,
287,control,IVA,,1/13/2021,16:00,0.366,,1/15/2021,13:00,0.2687,,0.0973,,
288,control,IVA,,1/13/2021,16:00,0.3812,,1/15/2021,13:00,0.2688,,0.1124,,
289,control,SUN,,1/14/2021,13:00,0.3536,,1/16/2021,18:20,0.3442,,0.0094,,
290,control,SUN,,1/14/2021,13:00,0.3638,,1/16/2021,18:20,0.2524,,0.1114,,
291,control,BW,,1/14/2021,13:00,0.3697,,1/16/2021,18:20,0.3572,,0.0125,,
292,control,BW,,1/14/2021,13:00,0.3598,,1/16/2021,18:20,0.3417,,0.0181,,
293,control,MAP,,1/14/2021,13:00,0.3393,,1/16/2021,18:20,0.3072,,0.0321,,
294,control,MAP,,1/14/2021,13:00,0.3682,,1/16/2021,18:20,0.3119,,0.0563,,
295,control,AMB,,1/14/2021,13:00,0.3054,,1/16/2021,18:20,0.2676,,0.0378,,
296,control,AMB,,1/14/2021,13:00,0.2863,,1/16/2021,18:20,0.26,,0.0263,,
297,control,XAN,,1/14/2021,13:00,0.2691,,1/16/2021,18:20,NA,,NA,,
298,control,XAN,,1/14/2021,13:00,0.3029,,1/16/2021,18:20,0.2684,,0.0345,,
299,control,IVA,,1/14/2021,13:00,0.3059,,1/16/2021,18:20,0.2646,,0.0413,,
300,control,IVA,,1/14/2021,13:00,0.2869,,1/16/2021,18:20,0.2558,,0.0311,,
301,control,SUN,,1/15/2021,14:30,0.3368,,1/17/2021,17:00,0.319,,0.0178,,
302,control,SUN,,1/15/2021,14:30,0.3464,,1/17/2021,17:00,0.3299,,0.0165,,
303,control,BW,,1/15/2021,14:30,0.3812,,1/17/2021,17:00,0.3649,,0.0163,,
304,control,BW,,1/15/2021,14:30,0.3117,,1/17/2021,17:00,0.3028,,0.0089,,
305,control,MAP,,1/15/2021,14:30,0.2962,,1/17/2021,17:00,0.2635,,0.0327,,
306,control,MAP,,1/15/2021,14:30,0.3545,,1/17/2021,17:00,0.3198,,0.0347,,
307,control,AMB,,1/15/2021,14:30,0.2896,,1/17/2021,17:00,NA,,NA,,
308,control,AMB,,1/15/2021,14:30,0.3225,,1/17/2021,17:00,0.2519,,0.0706,,
309,control,XAN,,1/15/2021,14:30,0.2614,,1/17/2021,17:00,0.2638,,-0.0024,,
310,control,XAN,,1/15/2021,14:30,0.3392,,1/17/2021,17:00,0.2382,,0.101,,
311,control,IVA,,1/15/2021,14:30,0.3535,,1/17/2021,17:00,0.2543,,0.0992,,
312,control,IVA,,1/15/2021,14:30,0.3653,,1/17/2021,17:00,NA,,NA,,
313,control,SUN,,1/25/2021,11:30,0.2758,,1/27/2021,10:20,0.2678,,0.008,,
314,control,SUN,,1/25/2021,11:30,0.2751,,1/27/2021,10:20,0.2682,,0.0069,,
315,control,BW,,1/25/2021,11:30,0.2881,,1/27/2021,10:20,0.2792,,0.0089,,
316,control,BW,,1/25/2021,11:30,0.2942,,1/27/2021,10:20,0.2852,,0.009,,
317,control,MAP,,1/25/2021,11:30,0.2948,,1/27/2021,10:20,0.2592,,0.0356,,
318,control,MAP,,1/25/2021,11:30,NA,,1/27/2021,10:20,NA,,NA,,
319,control,AMB,,1/25/2021,11:30,0.283,,1/27/2021,10:20,0.2371,,0.0459,,
320,control,AMB,,1/25/2021,11:30,0.2773,,1/27/2021,10:20,0.2383,,0.039,,
321,control,XAN,,1/25/2021,11:30,0.2863,,1/27/2021,10:20,0.2298,,0.0565,,
322,control,XAN,,1/25/2021,11:30,0.2808,,1/27/2021,10:20,0.2316,,0.0492,,
323,control,IVA,,1/25/2021,11:30,0.2974,,1/27/2021,10:20,0.2371,,0.0603,,
324,control,IVA,,1/25/2021,11:30,0.2855,,1/27/2021,10:20,0.23,,0.0555,,
325,control,SUN,,1/27/2021,11:30,0.2994,,1/29/2021,12:00,0.2884,,0.011,,
326,control,SUN,,1/27/2021,11:30,0.2977,,1/29/2021,12:00,0.2878,,0.0099,,
327,control,BW,,1/27/2021,11:30,0.2836,,1/29/2021,12:00,0.2773,,0.0063,,
328,control,BW,,1/27/2021,11:30,0.2767,,1/29/2021,12:00,0.2696,,0.0071,,
329,control,MAP,,1/27/2021,11:30,NA,,1/29/2021,12:00,NA,,#VALUE!,,
330,control,MAP,,1/27/2021,11:30,0.2582,,1/29/2021,12:00,0.2418,,0.0164,,
331,control,AMB,,1/27/2021,11:30,0.2505,,1/29/2021,12:00,0.2231,,0.0274,,
332,control,AMB,,1/27/2021,11:30,0.253,,1/29/2021,12:00,0.2364,,0.0166,,
333,control,XAN,,1/27/2021,11:30,0.2581,,1/29/2021,12:00,0.2256,,0.0325,,
334,control,XAN,,1/27/2021,11:30,0.2724,,1/29/2021,12:00,0.2361,,0.0363,,
335,control,IVA,,1/27/2021,11:30,0.2783,,1/29/2021,12:00,0.2485,,0.0298,,
336,control,IVA,,1/27/2021,11:30,0.26,,1/29/2021,12:00,0.2213,,0.0387,,
