Bee_ID,Colony,Treatment,Wing_MM,Final_date,Final_time,Final_pollen_weight,Final_sucrose_weight,Initial_date,Initial_time,Initial_pollen_weight,Initial_sucrose_weight,Net_pollen,Net_sucrose,Notes
1,UN1,baccharis,2.626,1/14/2021,0.747222222,0.3262,10.6101,1/12/2021,0.747222222,0.3386,12.6999,0.0124,2.0898,
2,UN1,baccharis,2.487,1/14/2021,0.746527778,0.3124,10.2532,1/12/2021,0.748611111,0.3346,12.375,0.0222,2.1218,
3,UN2,baccharis,2.58,1/14/2021,0.747916667,0.319,10.5501,1/12/2021,0.748611111,0.3362,12.8774,0.0172,2.3273,
4,UN2,baccharis,2.575,1/14/2021,0.748611111,0.3297,10.6739,1/12/2021,0.748611111,0.3487,12.8462,0.019,2.1723,
5,UN4,baccharis,3.009,1/14/2021,0.745833333,0.2987,10.5608,1/12/2021,0.749305556,0.3331,13.5618,0.0344,3.001,
6,UN4,baccharis,2.501,1/14/2021,0.749305556,0.317,10.9804,1/12/2021,0.75,0.3382,13.3326,0.0212,2.3522,
7,UN1,dog fennel,2.229,1/14/2021,0.752777778,0.2611,10.6654,1/12/2021,0.752083333,0.332,12.3189,0.0709,1.6535,
8,UN1,dog fennel,2.581,1/14/2021,0.753472222,0.2574,10.824,1/12/2021,0.752083333,0.3477,13.0274,0.0903,2.2034,
9,UN2,dog fennel,2.587,1/14/2021,0.754166667,0.2491,10.9855,1/12/2021,0.753472222,0.3458,12.9938,0.0967,2.0083,
10,UN2,dog fennel,2.687,1/14/2021,0.754861111,0.2312,10.2401,1/12/2021,0.753472222,0.3154,12.474,0.0842,2.2339,
11,UN4,dog fennel,n/a,1/14/2021,0.75625,0.2914,10.0057,1/12/2021,0.754861111,0.3219,12.4088,0.0305,2.4031,
12,UN4,dog fennel,2.494,1/14/2021,0.756944444,0.2595,11.3496,1/12/2021,0.754861111,0.3444,13.0512,0.0849,1.7016,
13,UN1,sagebrush,3.09,1/14/2021,0.773611111,0.2408,10.3443,1/12/2021,0.758333333,0.3272,12.6528,0.0864,2.3085,
14,UN1,sagebrush,2.493,1/14/2021,0.774305556,0.2783,10.1914,1/12/2021,0.758333333,0.3729,12.2266,0.0946,2.0352,
15,UN2,sagebrush,2.382,1/14/2021,0.775,0.2686,11.3501,1/12/2021,0.759027778,0.3317,13.332,0.0631,1.9819,
16,UN2,sagebrush,2.755,1/14/2021,0.775694444,0.2476,8.6613,1/12/2021,0.759027778,0.3166,10.9954,0.069,2.3341,
17,UN4,sagebrush,2.948,1/14/2021,0.778472222,0.2663,10.1428,1/12/2021,0.759722222,0.3438,12.4556,0.0775,2.3128,
18,UN4,sagebrush,2.608,1/14/2021,0.777777778,0.2554,10.1826,1/12/2021,0.759722222,0.3264,12.3289,0.071,2.1463,
19,UN1,dandelion,2.899,1/14/2021,0.779861111,0.3269,9.5824,1/12/2021,0.761805556,0.3239,11.9242,-0.003,2.3418,
20,UN1,dandelion,2.64,1/14/2021,0.78125,0.2873,10.2619,1/12/2021,0.761805556,0.3213,12.1365,0.034,1.8746,
21,UN2,dandelion,2.543,1/14/2021,0.782638889,0.3242,10.5543,1/12/2021,0.763194444,0.335,12.5678,0.0108,2.0135,
22,UN2,dandelion,2.163,1/14/2021,0.781944444,0.2977,10.2065,1/12/2021,0.763194444,0.3169,11.8323,0.0192,1.6258,
23,UN4,dandelion,2.317,1/14/2021,0.780555556,0.2767,10.1818,1/12/2021,0.763888889,0.332,11.9328,0.0553,1.751,
24,UN4,dandelion,2.603,1/14/2021,0.783333333,0.3301,10.8897,1/12/2021,0.765972222,0.321,12.8823,-0.0091,1.9926,
25,UN1,red maple,2.925,1/14/2021,0.785416667,0.3031,9.5652,1/12/2021,0.766666667,0.3264,12.2247,0.0233,2.6595,"pooped while transferring to microcolony container, may affect crithidia count"
26,UN1,red maple,2.963,1/14/2021,0.786111111,0.2729,9.5703,1/12/2021,0.766666667,0.3349,11.8864,0.062,2.3161,
27,UN2,red maple,2.287,1/14/2021,0.786805556,0.2807,10.319,1/12/2021,0.768055556,0.3163,12.5365,0.0356,2.2175,
28,UN2,red maple,2.552,1/14/2021,0.7875,0.2685,9.9433,1/12/2021,0.768055556,0.3068,11.6739,0.0383,1.7306,
29,UN4,red maple,2.707,1/14/2021,0.788194444,0.2904,9.0268,1/12/2021,0.76875,0.3224,11.5833,0.032,2.5565,
30,UN4,red maple,2.744,1/14/2021,0.788888889,0.286,9.9156,1/12/2021,0.76875,0.3282,12.2593,0.0422,2.3437,
31,UN1,sunflower,2.7,1/14/2021,0.790277778,0.322,10.0397,1/12/2021,0.770833333,0.3308,12.172,0.0088,2.1323,
32,UN1,sunflower,2.674,1/14/2021,0.790277778,0.2988,10.3927,1/12/2021,0.770833333,0.3184,12.3501,0.0196,1.9574,
33,UN2,sunflower,1.976,1/14/2021,0.790972222,0.3137,10.0209,1/12/2021,0.771527778,0.3345,11.7656,0.0208,1.7447,
34,UN2,sunflower,2.512,1/14/2021,0.791666667,0.2822,10.3365,1/12/2021,0.772222222,0.3395,12.5895,0.0573,2.253,
35,UN4,sunflower,2.435,1/14/2021,0.792361111,0.2909,9.5532,1/12/2021,0.772916667,0.3259,12.0839,0.035,2.5307,
36,UN4,sunflower,2.462,1/14/2021,0.793055556,0.3023,10.137,1/12/2021,0.772916667,0.3464,12.0912,0.0441,1.9542,
37,UN1,buckwheat,2.623,1/14/2021,0.795138889,0.2847,10.4206,1/12/2021,0.775694444,0.3523,12.5274,0.0676,2.1068,"pooped while transferring to microcolony container, may affect crithidia count"
38,UN1,buckwheat,2.48,1/14/2021,0.795833333,0.3064,10.1555,1/12/2021,0.776388889,0.3397,12.2302,0.0333,2.0747,
39,UN2,buckwheat,2.103,1/14/2021,0.797916667,0.3064,11.0773,1/12/2021,0.777083333,0.3442,12.9213,0.0378,1.844,
40,UN2,buckwheat,2.496,1/14/2021,0.797222222,0.3117,9.2069,1/12/2021,0.777083333,0.3454,11.4639,0.0337,2.257,
41,UN4,buckwheat,2.781,1/14/2021,0.797916667,0.2664,9.6367,1/12/2021,0.777777778,0.3366,11.8646,0.0702,2.2279,
42,UN4,buckwheat,2.65,1/14/2021,0.798611111,0.2757,9.4586,1/12/2021,0.777777778,0.3125,12.0205,0.0368,2.5619,
43,control,baccharis,n/a,1/20/2021,0.909027778,0.2769,11.4512,1/18/2021,0.767361111,0.3,12.8552,0.0231,1.404,
44,control,baccharis,n/a,1/20/2021,0.909722222,0.2681,11.3643,1/18/2021,0.76875,0.2917,12.7923,0.0236,1.428,
45,control,baccharis,n/a,1/20/2021,0.910416667,0.2726,10.6828,1/18/2021,0.76875,0.2974,12.1623,0.0248,1.4795,
46,control,baccharis,n/a,1/20/2021,0.911111111,0.2579,11.4693,1/18/2021,0.769444444,0.277,13.2155,0.0191,1.7462,
47,control,baccharis,n/a,1/20/2021,0.9125,0.2716,11.4568,1/18/2021,0.770138889,0.294,12.942,0.0224,1.4852,
48,control,dog fennel,n/a,1/20/2021,0.913888889,0.2312,11.0776,1/18/2021,0.771527778,0.2751,12.3533,0.0439,1.2757,
49,control,dog fennel,n/a,1/20/2021,0.915277778,0.225,10.498,1/18/2021,0.771527778,0.2673,12.1149,0.0423,1.6169,
50,control,dog fennel,n/a,1/20/2021,0.915972222,0.223,10.7261,1/18/2021,0.772222222,0.2639,12.1812,0.0409,1.4551,
51,control,dog fennel,n/a,1/20/2021,0.916666667,0.2279,11.6251,1/18/2021,0.772916667,0.2674,13.0911,0.0395,1.466,
52,control,dog fennel,n/a,1/20/2021,0.917361111,0.2383,11.1931,1/18/2021,0.772916667,0.2918,12.8714,0.0535,1.6783,
53,control,sagebrush,n/a,1/20/2021,0.919444444,0.2387,10.6132,1/18/2021,0.773611111,0.2958,11.7952,0.0571,1.182,
54,control,sagebrush,n/a,1/20/2021,0.920138889,0.2309,10.4981,1/18/2021,0.774305556,0.2789,11.7167,0.048,1.2186,
55,control,sagebrush,n/a,1/20/2021,0.920833333,0.2305,11.206,1/18/2021,0.774305556,0.2765,12.3691,0.046,1.1631,
56,control,sagebrush,n/a,1/20/2021,0.921527778,0.2358,11.0534,1/18/2021,0.775694444,0.292,12.5705,0.0562,1.5171,
57,control,sagebrush,n/a,1/20/2021,0.922222222,0.2368,9.9032,1/18/2021,0.776388889,0.2987,11.6076,0.0619,1.7044,
58,control,dandelion,n/a,1/20/2021,0.923611111,0.3187,10.5634,1/18/2021,0.776388889,0.3294,12.0683,0.0107,1.5049,
59,control,dandelion,n/a,1/20/2021,0.924305556,0.2947,10.8528,1/18/2021,0.777083333,0.304,12.1235,0.0093,1.2707,
60,control,dandelion,n/a,1/20/2021,0.925,0.2923,10.8869,1/18/2021,0.777083333,0.3014,12.308,0.0091,1.4211,
61,control,dandelion,n/a,1/20/2021,0.925694444,0.2808,11.2044,1/18/2021,0.777083333,0.2898,12.8911,0.009,1.6867,
62,control,dandelion,n/a,1/20/2021,0.926388889,0.27,10.6919,1/18/2021,0.777777778,0.2794,12.3546,0.0094,1.6627,
63,control,red maple,n/a,1/20/2021,0.927777778,0.2555,10.4468,1/18/2021,0.778472222,0.2832,11.7119,0.0277,1.2651,
64,control,red maple,n/a,1/20/2021,0.928472222,0.2489,10.7654,1/18/2021,0.779166667,0.28,12.1392,0.0311,1.3738,
65,control,red maple,n/a,1/20/2021,0.9375,0.2491,11.9411,1/18/2021,0.779166667,0.2748,13.1282,0.0257,1.1871,
66,control,red maple,n/a,1/20/2021,0.938194444,0.2544,12.02,1/18/2021,0.779861111,0.2868,13.3991,0.0324,1.3791,
67,control,red maple,n/a,1/20/2021,0.938888889,0.2462,10.5363,1/18/2021,0.779861111,0.2756,12.2064,0.0294,1.6701,
68,control,sunflower,n/a,1/20/2021,0.940277778,0.2888,10.6981,1/18/2021,0.78125,0.3054,11.9318,0.0166,1.2337,
69,control,sunflower,n/a,1/20/2021,0.941666667,0.2722,11.0203,1/18/2021,0.78125,0.2852,12.2121,0.013,1.1918,
70,control,sunflower,n/a,1/20/2021,0.942361111,0.2677,10.8439,1/18/2021,0.781944444,0.2874,12.3513,0.0197,1.5074,
71,control,sunflower,n/a,1/20/2021,0.943055556,0.2633,10.0323,1/18/2021,0.781944444,0.2766,11.5835,0.0133,1.5512,
72,control,sunflower,n/a,1/20/2021,0.94375,0.2805,10.8136,1/18/2021,0.782638889,0.2933,12.3564,0.0128,1.5428,
73,control,buckwheat,n/a,1/20/2021,0.946527778,0.2742,10.9253,1/18/2021,0.784722222,0.2846,12.2273,0.0104,1.302,
74,control,buckwheat,n/a,1/20/2021,0.945833333,0.2775,10.53,1/18/2021,0.785416667,0.29,11.8316,0.0125,1.3016,
75,control,buckwheat,n/a,1/20/2021,0.945833333,0.318,9.8428,1/18/2021,0.785416667,0.3374,11.6393,0.0194,1.7965,
76,control,buckwheat,n/a,1/20/2021,0.945138889,0.2937,11.0252,1/18/2021,0.785416667,0.3067,12.2814,0.013,1.2562,
77,control,buckwheat,n/a,1/20/2021,0.944444444,0.3015,10.8947,1/18/2021,0.786111111,0.3177,12.2018,0.0162,1.3071,
78,UN1,baccharis,2.601,1/20/2021,0.856944444,0.2736,9.9066,1/18/2021,0.788888889,0.2829,11.9113,0.0093,2.0047,
79,UN1,baccharis,2.006,1/20/2021,0.858333333,0.2772,10.1483,1/18/2021,0.789583333,0.2797,12.0165,0.0025,1.8682,
80,UN2,baccharis,2.573,1/20/2021,0.859027778,0.2666,9.2768,1/18/2021,0.790277778,0.2871,11.6828,0.0205,2.406,
81,UN2,baccharis,2.275,1/20/2021,0.859722222,0.2833,9.9236,1/18/2021,0.790972222,0.3199,12.1836,0.0366,2.26,
82,UN4,baccharis,n/a,1/20/2021,0.861111111,0.2521,9.3658,1/18/2021,0.791666667,0.2995,11.8323,0.0474,2.4665,
83,UN4,baccharis,3.03,1/20/2021,0.854166667,0.2926,9.1541,1/18/2021,0.791666667,0.3151,12.482,0.0225,3.3279,
84,UN1,dog fennel,2.662,1/20/2021,0.8625,0.249,10.3701,1/18/2021,0.79375,0.2686,12.2718,0.0196,1.9017,
85,UN1,dog fennel,2.516,1/20/2021,0.863194444,0.2363,10.2709,1/18/2021,0.794444444,0.2751,12.4038,0.0388,2.1329,
86,UN2,dog fennel,2.56,1/20/2021,0.864583333,0.2315,9.6888,1/18/2021,0.795138889,0.2642,12.0621,0.0327,2.3733,
87,UN2,dog fennel,2.458,1/20/2021,0.867361111,0.2351,9.1884,1/18/2021,0.795138889,0.2733,11.5881,0.0382,2.3997,
88,UN4,dog fennel,2.481,1/20/2021,0.86875,0.2384,10.6082,1/18/2021,0.795833333,0.2841,12.4248,0.0457,1.8166,
89,UN4,dog fennel,2.674,1/20/2021,0.869444444,0.2367,9.7767,1/18/2021,0.796527778,0.2755,12.4173,0.0388,2.6406,
90,UN1,sagebrush,2.766,1/20/2021,0.870833333,0.2356,10.8775,1/18/2021,0.798611111,0.281,13.1045,0.0454,2.227,
91,UN1,sagebrush,2.584,1/20/2021,0.871527778,0.2322,10.1517,1/18/2021,0.8,0.2721,11.9689,0.0399,1.8172,
92,UN2,sagebrush,2.517,1/20/2021,0.872222222,0.2365,10.0285,1/18/2021,0.8,0.2829,12.4007,0.0464,2.3722,
93,UN2,sagebrush,2.54,1/20/2021,0.872916667,0.2238,10.1742,1/18/2021,0.800694444,0.2672,12.545,0.0434,2.3708,
94,UN4,sagebrush,2.734,1/20/2021,0.873611111,0.2405,10.8266,1/18/2021,0.800694444,0.2929,13.6845,0.0524,2.8579,
95,UN4,sagebrush,2.471,1/20/2021,0.874305556,0.2364,10.1804,1/18/2021,0.800694444,0.2825,12.532,0.0461,2.3516,
96,UN1,dandelion,2.431,1/20/2021,0.876388889,0.2856,9.6427,1/18/2021,0.803472222,0.2938,11.3931,0.0082,1.7504,
97,UN1,dandelion,2.652,1/20/2021,0.877083333,0.2947,9.9441,1/18/2021,0.804166667,0.3022,11.7071,0.0075,1.763,
98,UN2,dandelion,2.339,1/20/2021,0.877777778,0.2744,9.9904,1/18/2021,0.804166667,0.2896,12.243,0.0152,2.2526,
99,UN2,dandelion,2.08,1/20/2021,0.878472222,0.3091,9.5741,1/18/2021,0.804861111,0.3199,11.8865,0.0108,2.3124,
100,UN4,dandelion,2.796,1/20/2021,0.879166667,0.2944,9.4277,1/18/2021,0.805555556,0.3072,11.8868,0.0128,2.4591,
101,UN4,dandelion,2.72,1/20/2021,0.879861111,0.2392,9.4873,1/18/2021,0.80625,0.2831,11.9827,0.0439,2.4954,
102,UN1,red maple,2.531,1/20/2021,0.884027778,0.262,10.9144,1/18/2021,0.810416667,0.298,13.3009,0.036,2.3865,
103,UN1,red maple,2.9,1/20/2021,0.885416667,0.2468,9.6612,1/18/2021,0.811111111,0.2908,12.1904,0.044,2.5292,
104,UN2,red maple,2.75,1/20/2021,0.886805556,0.2918,9.5795,1/18/2021,0.811805556,0.3002,12.1617,0.0084,2.5822,
105,UN2,red maple,n/a,1/20/2021,0.8875,0.2281,11.1464,1/18/2021,0.811805556,0.2766,12.4599,0.0485,1.3135,
106,UN4,red maple,2.702,1/20/2021,0.890277778,0.2641,10.8475,1/18/2021,0.8125,0.2936,12.6883,0.0295,1.8408,
107,UN4,red maple,2.582,1/20/2021,0.890972222,0.2605,9.4394,1/18/2021,0.813194444,0.287,12.2373,0.0265,2.7979,
108,UN1,sunflower,2.76,1/20/2021,0.896527778,0.2341,10.302,1/18/2021,0.815277778,0.2948,12.6857,0.0607,2.3837,
109,UN1,sunflower,2.715,1/20/2021,0.897222222,0.2982,9.7858,1/18/2021,0.815972222,0.314,11.8334,0.0158,2.0476,
110,UN2,sunflower,2.387,1/20/2021,0.897916667,0.269,10.2798,1/18/2021,0.815972222,0.2785,12.6068,0.0095,2.327,
111,UN2,sunflower,2.348,1/20/2021,0.898611111,0.2857,10.6502,1/18/2021,0.817361111,0.2981,13.0133,0.0124,2.3631,
112,UN4,sunflower,2.696,1/20/2021,0.899305556,0.2437,10.4882,1/18/2021,0.817361111,0.2931,12.8306,0.0494,2.3424,
113,UN4,sunflower,2.693,1/20/2021,0.9,0.2719,10.4616,1/18/2021,0.817361111,0.3098,12.4762,0.0379,2.0146,
114,UN1,buckwheat,2.448,1/20/2021,0.902083333,0.251,9.6961,1/18/2021,0.820138889,0.2856,11.9301,0.0346,2.234,
115,UN1,buckwheat,2.75,1/20/2021,0.903472222,0.3104,10.5417,1/18/2021,0.820833333,0.3245,12.7708,0.0141,2.2291,
116,UN2,buckwheat,2.383,1/20/2021,0.904166667,0.2794,9.4401,1/18/2021,0.821527778,0.2992,12.1854,0.0198,2.7453,
117,UN2,buckwheat,2.393,1/20/2021,0.905555556,0.3068,10.191,1/18/2021,0.822222222,0.3219,12.6822,0.0151,2.4912,
118,UN4,buckwheat,2.681,1/20/2021,0.90625,0.3046,10.3155,1/18/2021,0.822222222,0.3251,12.8831,0.0205,2.5676,
119,UN4,buckwheat,2.563,1/20/2021,0.906944444,0.2752,10.405,1/18/2021,0.822916667,0.329,13.2196,0.0538,2.8146,
120,UN1,baccharis,n/a,1/23/2021,0.55,0.2498,10.4555,1/21/2021,0.748611111,0.2822,12.3341,0.0324,1.8786,
121,UN1,baccharis,2.641,1/23/2021,0.550694444,0.2669,9.6338,1/21/2021,0.749305556,0.2835,11.735,0.0166,2.1012,
122,UN2,baccharis,2.543,1/23/2021,0.551388889,0.2256,9.8,1/21/2021,0.75,0.2908,11.7337,0.0652,1.9337,
123,UN2,baccharis,2.58,1/23/2021,0.552083333,0.2599,9.8823,1/21/2021,0.750694444,0.2766,12.2572,0.0167,2.3749,
124,UN4,baccharis,3.031,1/23/2021,0.552083333,0.2591,9.8864,1/21/2021,0.751388889,0.2897,12.5504,0.0306,2.664,
125,UN4,baccharis,2.55,1/23/2021,0.552777778,0.2592,10.3842,1/21/2021,0.751388889,0.2763,12.5806,0.0171,2.1964,
126,UN1,dog fennel,2.664,1/23/2021,0.554166667,0.241,10.5117,1/21/2021,0.752083333,0.2952,12.6224,0.0542,2.1107,
127,UN1,dog fennel,2.621,1/23/2021,0.553472222,0.2367,10.2912,1/21/2021,0.752777778,0.2979,12.3637,0.0612,2.0725,
128,UN2,dog fennel,2.335,1/23/2021,0.555555556,0.2388,11.2654,1/21/2021,0.753472222,0.2998,13.1206,0.061,1.8552,
129,UN2,dog fennel,2.423,1/23/2021,0.555555556,0.2409,9.7068,1/21/2021,0.753472222,0.2991,12.205,0.0582,2.4982,
130,UN4,dog fennel,2.66,1/23/2021,0.55625,0.2492,9.6411,1/21/2021,0.754166667,0.323,11.6279,0.0738,1.9868,
131,UN4,dog fennel,2.701,1/23/2021,0.557638889,0.2351,10.7778,1/21/2021,0.754861111,0.2897,12.7177,0.0546,1.9399,
132,UN1,sagebrush,2.6,1/23/2021,0.559027778,0.248,9.8808,1/21/2021,0.755555556,0.311,12.1415,0.063,2.2607,
133,UN1,sagebrush,2.272,1/23/2021,0.558333333,0.2427,10.0688,1/21/2021,0.75625,0.3045,12.1801,0.0618,2.1113,
134,UN2,sagebrush,2.058,1/23/2021,0.559722222,0.2416,9.9169,1/21/2021,0.756944444,0.3157,12.5448,0.0741,2.6279,
135,UN2,sagebrush,2.216,1/23/2021,0.560416667,0.2309,10.378,1/21/2021,0.757638889,0.2895,12.2056,0.0586,1.8276,
136,UN4,sagebrush,2.594,1/23/2021,0.561111111,0.2443,10.9341,1/21/2021,0.758333333,0.304,13.0449,0.0597,2.1108,
137,UN4,sagebrush,2.843,1/23/2021,0.5625,0.2349,9.9306,1/21/2021,0.758333333,0.301,12.272,0.0661,2.3414,
138,UN1,dandelion,n/a,1/23/2021,0.563194444,0.2816,10.4073,1/21/2021,0.759027778,0.3062,12.3809,0.0246,1.9736,
139,UN1,dandelion,2.642,1/23/2021,0.563888889,0.2936,10.0659,1/21/2021,0.759722222,0.3163,12.5224,0.0227,2.4565,
140,UN2,dandelion,2.58,1/23/2021,0.563888889,0.2851,10.0799,1/21/2021,0.760416667,0.3069,12.3554,0.0218,2.2755,
141,UN2,dandelion,2.572,1/23/2021,0.564583333,0.2966,10.1571,1/21/2021,0.760416667,0.3045,12.583,0.0079,2.4259,
142,UN4,dandelion,2.54,1/23/2021,0.565277778,0.2702,9.7401,1/21/2021,0.761111111,0.3189,12.3346,0.0487,2.5945,
143,UN4,dandelion,2.634,1/23/2021,0.567361111,0.2942,10.5878,1/21/2021,0.763194444,0.3197,12.6806,0.0255,2.0928,
144,UN1,red maple,2.532,1/23/2021,0.568055556,0.2398,10.0809,1/21/2021,0.764583333,0.2786,12.4815,0.0388,2.4006,
145,UN1,red maple,2.506,1/23/2021,0.56875,0.2679,10.6353,1/21/2021,0.764583333,0.3036,12.666,0.0357,2.0307,
146,UN2,red maple,2.965,1/23/2021,0.569444444,0.2486,12.1358,1/21/2021,0.765277778,0.3026,14.4831,0.054,2.3473,
147,UN2,red maple,2.664,1/23/2021,0.570138889,0.2461,9.4841,1/21/2021,0.765277778,0.2959,12.171,0.0498,2.6869,
148,UN4,red maple,2.635,1/23/2021,0.577777778,0.2525,9.5306,1/21/2021,0.765972222,0.2842,12.1298,0.0317,2.5992,
149,UN4,red maple,2.817,1/23/2021,0.576388889,0.2568,9.6909,1/21/2021,0.766666667,0.2945,12.4292,0.0377,2.7383,
150,UN1,sunflower,2.38,1/23/2021,0.575694444,0.2664,10.8247,1/21/2021,0.767361111,0.3069,12.8682,0.0405,2.0435,
151,UN1,sunflower,2.307,1/23/2021,0.575,0.2887,11.3387,1/21/2021,0.768055556,0.3093,13.0326,0.0206,1.6939,
152,UN2,sunflower,2.123,1/23/2021,0.574305556,0.2861,10.5089,1/21/2021,0.76875,0.2992,12.1971,0.0131,1.6882,
153,UN2,sunflower,2.408,1/23/2021,0.573611111,0.3079,9.9397,1/21/2021,0.769444444,0.3279,12.4745,0.02,2.5348,
154,UN4,sunflower,n/a,1/23/2021,0.572916667,0.285,10.5952,1/21/2021,0.769444444,0.2987,13.0963,0.0137,2.5011,
155,UN4,sunflower,2.522,1/23/2021,0.572222222,0.2407,10.1955,1/21/2021,0.769444444,0.2836,12.4304,0.0429,2.2349,
156,UN1,buckwheat,2.589,1/23/2021,0.581944444,0.2669,10.8164,1/21/2021,0.771527778,0.3341,13.1748,0.0672,2.3584,
157,UN1,buckwheat,2.784,1/23/2021,0.58125,0.2949,11.5435,1/21/2021,0.772222222,0.2873,13.0746,-0.0076,1.5311,
158,UN2,buckwheat,2.421,1/23/2021,0.580555556,0.2788,10.2049,1/21/2021,0.772916667,0.3029,12.8734,0.0241,2.6685,
159,UN2,buckwheat,n/a,1/23/2021,0.579861111,0.2933,9.7132,1/21/2021,0.773611111,0.3263,12.2064,0.033,2.4932,
160,UN4,buckwheat,2.511,1/23/2021,0.579166667,0.3143,10.385,1/21/2021,0.774305556,0.341,12.2687,0.0267,1.8837,
161,UN4,buckwheat,2.702,1/23/2021,0.577083333,0.2986,9.5857,1/21/2021,0.774305556,0.3133,12.9078,0.0147,3.3221,
162,UN1,baccharis,2.74,1/31/2021,0.745138889,0.2616,10.4789,1/29/2021,0.715972222,0.2899,12.6975,0.0283,2.2186,
163,UN1,baccharis,2.822,1/31/2021,0.746527778,0.2402,10.2146,1/29/2021,0.715972222,0.286,12.7332,0.0458,2.5186,
164,UN2,baccharis,1.926,1/31/2021,0.747222222,0.2595,9.0876,1/29/2021,0.717361111,0.3063,11.5856,0.0468,2.498,
165,UN2,baccharis,2.432,1/31/2021,0.747916667,0.1993,9.6732,1/29/2021,0.717361111,0.2813,11.8276,0.082,2.1544,
166,UN4,baccharis,2.711,1/31/2021,0.748611111,0.2589,9.5773,1/29/2021,0.718055556,0.2829,12.9612,0.024,3.3839,
167,UN4,baccharis,2.343,1/31/2021,0.749305556,0.2821,9.9804,1/29/2021,0.718055556,0.294,11.7327,0.0119,1.7523,
168,UN1,dog fennel,n/a,1/31/2021,n/a,n/a,n/a,1/29/2021,0.71875,0.2754,12.1252,n/a,n/a,bee escaped before it could eat any pollen
169,UN1,dog fennel,2.893,1/31/2021,0.750694444,0.2353,10.1093,1/29/2021,0.71875,0.2799,12.2566,0.0446,2.1473,
170,UN2,dog fennel,2.806,1/31/2021,0.751388889,0.2271,10.5035,1/29/2021,0.719444444,0.2767,13.2333,0.0496,2.7298,
171,UN2,dog fennel,2.717,1/31/2021,0.752083333,0.1906,9.6183,1/29/2021,0.719444444,0.2711,12.7588,0.0805,3.1405,
172,UN4,dog fennel,2.64,1/31/2021,0.752777778,0.2341,9.348,1/29/2021,0.720138889,0.2785,12.5534,0.0444,3.2054,
173,UN4,dog fennel,2.78,1/31/2021,0.753472222,0.2316,9.6238,1/29/2021,0.720138889,0.2791,12.9124,0.0475,3.2886,
174,UN1,sagebrush,2.5,1/31/2021,0.754861111,0.2299,10.2298,1/29/2021,0.720833333,0.2715,12.2027,0.0416,1.9729,
175,UN1,sagebrush,2.851,1/31/2021,0.755555556,0.2442,10.9976,1/29/2021,0.720833333,0.3098,12.3134,0.0656,1.3158,
176,UN2,sagebrush,2.848,1/31/2021,0.75625,0.2229,11.1277,1/29/2021,0.721527778,0.3046,13.1129,0.0817,1.9852,
177,UN2,sagebrush,2.527,1/31/2021,0.756944444,0.2355,10.4726,1/29/2021,0.721527778,0.2863,12.8286,0.0508,2.356,
178,UN4,sagebrush,2.637,1/31/2021,0.757638889,0.2023,10.4261,1/29/2021,0.722222222,0.2937,13.0882,0.0914,2.6621,
179,UN4,sagebrush,2.806,1/31/2021,0.758333333,0.1997,9.3916,1/29/2021,0.722222222,0.32,11.8285,0.1203,2.4369,
180,UN1,dandelion,2.703,1/31/2021,0.765972222,0.2432,9.9393,1/29/2021,0.722916667,0.2893,12.4786,0.0461,2.5393,
181,UN1,dandelion,2.461,1/31/2021,0.766666667,0.2727,9.8217,1/29/2021,0.722916667,0.2792,11.8044,0.0065,1.9827,
182,UN2,dandelion,2.627,1/31/2021,0.767361111,0.2017,10.7973,1/29/2021,0.723611111,0.2811,13.0936,0.0794,2.2963,
183,UN2,dandelion,2.549,1/31/2021,0.768055556,0.2896,9.4093,1/29/2021,0.723611111,0.2998,12.1149,0.0102,2.7056,
184,UN4,dandelion,2.512,1/31/2021,0.76875,0.2854,10.134,1/29/2021,0.724305556,0.2997,13.0961,0.0143,2.9621,
185,UN4,dandelion,2.42,1/31/2021,0.769444444,0.282,10.0778,1/29/2021,0.724305556,0.293,12.7415,0.011,2.6637,
186,UN1,red maple,2.935,1/31/2021,0.771527778,0.2179,9.547,1/29/2021,0.725,0.2896,11.9255,0.0717,2.3785,
187,UN1,red maple,2.993,1/31/2021,0.772916667,0.239,9.7358,1/29/2021,0.725,0.3004,11.8812,0.0614,2.1454,
188,UN2,red maple,2.83,1/31/2021,0.773611111,0.2607,10.0215,1/29/2021,0.725694444,0.2905,12.8057,0.0298,2.7842,
189,UN2,red maple,2.667,1/31/2021,0.774305556,0.2011,8.8063,1/29/2021,0.725694444,0.3002,11.8941,0.0991,3.0878,
190,UN4,red maple,2.255,1/31/2021,0.775,0.2601,10.0475,1/29/2021,0.726388889,0.3022,12.7206,0.0421,2.6731,
191,UN4,red maple,2.584,1/31/2021,0.775694444,0.2683,10.4605,1/29/2021,0.726388889,0.3107,12.7508,0.0424,2.2903,
192,UN1,sunflower,2.727,1/31/2021,0.776388889,0.2292,9.9579,1/29/2021,0.727083333,0.2966,11.8773,0.0674,1.9194,
193,UN1,sunflower,2.492,1/31/2021,0.777083333,0.2619,9.4698,1/29/2021,0.727083333,0.3158,11.8349,0.0539,2.3651,
194,UN2,sunflower,2.648,1/31/2021,0.777777778,0.2207,10.1546,1/29/2021,0.727777778,0.317,13.1022,0.0963,2.9476,
195,UN2,sunflower,2.422,1/31/2021,0.777777778,0.2976,10.2487,1/29/2021,0.727777778,0.3203,12.4323,0.0227,2.1836,
196,UN4,sunflower,2.696,1/31/2021,0.778472222,0.2806,9.5211,1/29/2021,0.727777778,0.3014,11.9464,0.0208,2.4253,
197,UN4,sunflower,2.319,1/31/2021,0.779166667,0.2802,9.869,1/29/2021,0.727777778,0.3168,12.3265,0.0366,2.4575,
198,UN1,buckwheat,2.682,1/31/2021,0.780555556,0.2345,10.4553,1/29/2021,0.728472222,0.3081,12.7621,0.0736,2.3068,
199,UN1,buckwheat,2.628,1/31/2021,0.78125,0.2118,10.8229,1/29/2021,0.728472222,0.3065,13.0706,0.0947,2.2477,
200,UN2,buckwheat,2.471,1/31/2021,0.78125,0.2805,9.6664,1/29/2021,0.729166667,0.3187,12.4496,0.0382,2.7832,
201,UN2,buckwheat,1.931,1/31/2021,0.781944444,0.2849,10.9163,1/29/2021,0.729166667,0.3134,12.6383,0.0285,1.722,
202,UN4,buckwheat,2.927,1/31/2021,0.782638889,0.2212,10.0776,1/29/2021,0.729166667,0.307,12.6573,0.0858,2.5797,
203,UN4,buckwheat,2.724,1/31/2021,0.783333333,0.2747,9.6926,1/29/2021,0.729166667,0.3119,12.2364,0.0372,2.5438,
204,UN1,baccharis,n/a,2/7/2021,0.594444444,0.2736,10.3273,2/5/2021,0.759722222,0.288,12.7171,0.0144,2.3898,
205,UN1,baccharis,3.031,2/7/2021,0.596527778,0.2009,10.4896,2/5/2021,0.761111111,0.2951,12.4544,0.0942,1.9648,
206,UN2,baccharis,2.487,2/7/2021,0.597916667,0.2693,10.4845,2/5/2021,0.761111111,0.3144,12.4675,0.0451,1.983,
207,UN2,baccharis,2.443,2/7/2021,0.598611111,0.3117,11.1349,2/5/2021,0.761805556,0.3286,12.8264,0.0169,1.6915,
208,UN4,baccharis,n/a,2/7/2021,0.599305556,0.2414,10.2854,2/5/2021,0.7625,0.3045,12.166,0.0631,1.8806,
209,UN4,baccharis,2.67,2/7/2021,0.6,0.2102,9.8187,2/5/2021,0.763194444,0.2994,12.1257,0.0892,2.307,
210,UN1,dog fennel,2.749,2/7/2021,0.600694444,0.2424,9.806,2/5/2021,0.763888889,0.2835,12.1448,0.0411,2.3388,
211,UN1,dog fennel,2.478,2/7/2021,0.602777778,0.2389,10.1171,2/5/2021,0.764583333,0.2812,12.5328,0.0423,2.4157,
212,UN2,dog fennel,2.508,2/7/2021,0.603472222,0.2363,9.9126,2/5/2021,0.765277778,0.2801,12.4649,0.0438,2.5523,
213,UN2,dog fennel,2.427,2/7/2021,0.604166667,0.2312,10.5886,2/5/2021,0.765277778,0.2587,12.5124,0.0275,1.9238,
214,UN4,dog fennel,2.728,2/7/2021,0.604861111,0.2279,10.8219,2/5/2021,0.765972222,0.2572,12.5199,0.0293,1.698,
215,UN4,dog fennel,2.709,2/7/2021,0.604861111,0.2536,10.3679,2/5/2021,0.766666667,0.3106,12.6951,0.057,2.3272,
216,UN1,sagebrush,3.154,2/7/2021,0.60625,0.2433,10.0898,2/5/2021,0.767361111,0.2989,12.119,0.0556,2.0292,
217,UN1,sagebrush,2.662,2/7/2021,0.607638889,0.2449,10.2288,2/5/2021,0.767361111,0.2901,12.0631,0.0452,1.8343,
218,UN2,sagebrush,2.691,2/7/2021,0.608333333,0.2409,10.7789,2/5/2021,0.768055556,0.2916,12.9342,0.0507,2.1553,
219,UN2,sagebrush,2.261,2/7/2021,0.609027778,0.2444,11.0057,2/5/2021,0.76875,0.2924,12.5801,0.048,1.5744,
220,UN4,sagebrush,2.393,2/7/2021,0.609722222,0.2399,10.6514,2/5/2021,0.76875,0.2903,12.4415,0.0504,1.7901,
221,UN4,sagebrush,2.744,2/7/2021,0.610416667,0.2315,10.7658,2/5/2021,0.769444444,0.2732,12.9547,0.0417,2.1889,
222,UN1,dandelion,2.55,2/7/2021,0.611805556,0.2823,10.5858,2/5/2021,0.770138889,0.2916,12.3783,0.0093,1.7925,
223,UN1,dandelion,2.485,2/7/2021,0.6125,0.2994,10.7124,2/5/2021,0.770833333,0.3105,12.6139,0.0111,1.9015,
224,UN2,dandelion,3.136,2/7/2021,0.613194444,0.302,10.0366,2/5/2021,0.772916667,0.301,12.8153,-0.001,2.7787,
225,UN2,dandelion,2.734,2/7/2021,0.614583333,0.2561,8.8188,2/5/2021,0.773611111,0.3168,11.9466,0.0607,3.1278,
226,UN4,dandelion,2.729,2/7/2021,0.615277778,0.2403,10.3062,2/5/2021,0.773611111,0.2934,12.4094,0.0531,2.1032,
227,UN4,dandelion,n/a,2/7/2021,0.615972222,0.2548,9.439,2/5/2021,0.774305556,0.3103,12.1419,0.0555,2.7029,
228,UN1,red maple,2.734,2/7/2021,0.623611111,0.2486,9.7653,2/5/2021,0.775,0.2686,12.2784,0.02,2.5131,
229,UN1,red maple,2.496,2/7/2021,0.625,0.2586,8.5056,2/5/2021,0.776388889,0.2843,11.6913,0.0257,3.1857,
230,UN2,red maple,2.625,2/7/2021,0.625694444,0.2425,8.8557,2/5/2021,0.777083333,0.2813,11.7022,0.0388,2.8465,
231,UN2,red maple,2.561,2/7/2021,0.626388889,0.2495,9.4571,2/5/2021,0.777083333,0.2866,12.1914,0.0371,2.7343,
232,UN4,red maple,2.88,2/7/2021,0.627083333,0.2556,9.8828,2/5/2021,0.778472222,0.2805,12.0925,0.0249,2.2097,
233,UN4,red maple,2.43,2/7/2021,0.628472222,0.2647,9.6624,2/5/2021,0.778472222,0.2969,12.0021,0.0322,2.3397,
234,UN1,sunflower,2.988,2/7/2021,0.630555556,0.2193,9.4659,2/5/2021,0.779166667,0.29,12.0618,0.0707,2.5959,
235,UN1,sunflower,2.99,2/7/2021,0.63125,0.1984,10.8568,2/5/2021,0.779166667,0.2798,12.8403,0.0814,1.9835,
236,UN2,sunflower,2.658,2/7/2021,0.631944444,0.285,9.296,2/5/2021,0.779861111,0.2921,11.7565,0.0071,2.4605,
237,UN2,sunflower,2.301,2/7/2021,0.632638889,0.2797,9.9646,2/5/2021,0.780555556,0.2867,11.8904,0.007,1.9258,
238,UN4,sunflower,2.582,2/7/2021,0.634027778,0.2628,9.2,2/5/2021,0.78125,0.2808,12.3705,0.018,3.1705,
239,UN4,sunflower,n/a,2/7/2021,0.634722222,0.2652,8.8711,2/5/2021,0.78125,0.2871,12.1894,0.0219,3.3183,
240,UN1,buckwheat,2.654,2/7/2021,0.636111111,0.2521,10.9458,2/5/2021,0.781944444,0.284,12.6969,0.0319,1.7511,
241,UN1,buckwheat,2.718,2/7/2021,0.636805556,0.2443,10.0525,2/5/2021,0.783333333,0.2915,11.971,0.0472,1.9185,
242,UN2,buckwheat,2.398,2/7/2021,0.636805556,0.2739,9.5832,2/5/2021,0.784027778,0.2945,11.6303,0.0206,2.0471,
243,UN2,buckwheat,2.543,2/7/2021,0.6375,0.2869,9.6076,2/5/2021,0.784027778,0.3125,11.7299,0.0256,2.1223,
244,UN4,buckwheat,2.15,2/7/2021,0.638194444,0.2934,10.5068,2/5/2021,0.785416667,0.3049,12.2816,0.0115,1.7748,
245,UN4,buckwheat,2.518,2/7/2021,0.638888889,0.2923,9.5752,2/5/2021,0.785416667,0.3057,12.0643,0.0134,2.4891,
246,UN1,baccharis,n/a,2/11/2021,0.575,0.2546,11.5761,2/9/2021,0.705555556,0.2756,12.6986,0.021,1.1225,
247,UN1,baccharis,2.734,2/11/2021,0.575694444,0.2497,10.7447,2/9/2021,0.70625,0.2714,12.5619,0.0217,1.8172,
248,UN2,baccharis,n/a,2/11/2021,0.577777778,0.2648,10.7287,2/9/2021,0.70625,0.2717,12.2535,0.0069,1.5248,
249,UN2,baccharis,1.866,2/11/2021,0.578472222,0.2572,9.9871,2/9/2021,0.70625,0.267,12.0649,0.0098,2.0778,
250,UN4,baccharis,2.664,2/11/2021,0.579861111,0.2716,9.8995,2/9/2021,0.706944444,0.2824,12.5727,0.0108,2.6732,
251,UN4,baccharis,2.823,2/11/2021,0.579166667,0.2646,9.7749,2/9/2021,0.707638889,0.2859,12.1752,0.0213,2.4003,
252,UN1,dog fennel,2.808,2/11/2021,0.581944444,0.2297,10.2643,2/9/2021,0.709027778,0.2694,12.1716,0.0397,1.9073,
253,UN1,dog fennel,3.004,2/11/2021,0.582638889,0.2364,9.8434,2/9/2021,0.709722222,0.2743,11.7895,0.0379,1.9461,
254,UN2,dog fennel,n/a,2/11/2021,0.583333333,0.2289,11.036,2/9/2021,0.709722222,0.2672,12.3336,0.0383,1.2976,
255,UN2,dog fennel,2.351,2/11/2021,0.584027778,0.2272,10.9835,2/9/2021,0.710416667,0.2563,12.5035,0.0291,1.52,
256,UN4,dog fennel,2.9,2/11/2021,0.584722222,0.2199,9.898,2/9/2021,0.710416667,0.2657,12.5908,0.0458,2.6928,
257,UN4,dog fennel,n/a,2/11/2021,0.585416667,0.2332,10.6078,2/9/2021,0.711111111,0.278,12.3232,0.0448,1.7154,
258,UN1,sagebrush,2.95,2/11/2021,0.586805556,0.236,9.9272,2/9/2021,0.7125,0.303,12.2398,0.067,2.3126,
259,UN1,sagebrush,n/a,2/11/2021,0.586805556,0.2348,10.0126,2/9/2021,0.7125,0.2739,12.2219,0.0391,2.2093,
260,UN2,sagebrush,2.718,2/11/2021,0.5875,0.205,9.833,2/9/2021,0.713888889,0.2709,12.5141,0.0659,2.6811,
261,UN2,sagebrush,3.113,2/11/2021,0.588194444,0.2312,9.4961,2/9/2021,0.7125,0.2862,12.1292,0.055,2.6331,
262,UN4,sagebrush,2.715,2/11/2021,0.589583333,0.228,9.5055,2/9/2021,0.7125,0.2723,11.9989,0.0443,2.4934,
263,UN4,sagebrush,2.695,2/11/2021,0.590277778,0.2231,9.9887,2/9/2021,0.711805556,0.2582,11.8349,0.0351,1.8462,
264,UN1,dandelion,3.003,2/11/2021,0.607638889,0.2548,9.8551,2/9/2021,0.714583333,0.2836,11.3124,0.0288,1.4573,
265,UN1,dandelion,2.977,2/11/2021,0.608333333,0.2268,10.4013,2/9/2021,0.714583333,0.2735,12.2353,0.0467,1.834,
266,UN2,dandelion,n/a,2/11/2021,0.609027778,0.271,10.5408,2/9/2021,0.716666667,0.2752,12.1346,0.0042,1.5938,pooped when going into mirocolony container
267,UN2,dandelion,2.902,2/11/2021,0.609722222,0.1984,9.8124,2/9/2021,0.715972222,0.2581,12.3343,0.0597,2.5219,
268,UN4,dandelion,2.557,2/11/2021,0.610416667,0.2545,10.9577,2/9/2021,0.714583333,0.2613,12.3552,0.0068,1.3975,
269,UN4,dandelion,2.357,2/11/2021,0.611111111,0.2818,10.6755,2/9/2021,0.714583333,0.2886,12.2529,0.0068,1.5774,
270,UN1,red maple,n/a,2/11/2021,0.6125,0.2484,10.5892,2/9/2021,0.717361111,0.2647,11.9759,0.0163,1.3867,
271,UN1,red maple,3.264,2/11/2021,0.613194444,0.1955,10.614,2/9/2021,0.71875,0.2562,12.7221,0.0607,2.1081,
272,UN2,red maple,2.554,2/11/2021,0.613888889,0.2536,10.5942,2/9/2021,0.717361111,0.2811,12.2513,0.0275,1.6571,
273,UN2,red maple,2.845,2/11/2021,0.614583333,0.2369,9.3722,2/9/2021,0.71875,0.2653,11.6472,0.0284,2.275,
274,UN4,red maple,2.331,2/11/2021,0.615277778,0.2483,9.8302,2/9/2021,0.718055556,0.2743,11.8409,0.026,2.0107,
275,UN4,red maple,2.706,2/11/2021,0.615972222,0.2508,9.9239,2/9/2021,0.717361111,0.2694,12.1211,0.0186,2.1972,
276,UN1,sunflower,2.742,2/11/2021,0.617361111,0.2806,10.5111,2/9/2021,0.720138889,0.2889,12.795,0.0083,2.2839,
277,UN1,sunflower,2.969,2/11/2021,0.618055556,0.2373,10.3522,2/9/2021,0.720833333,0.2866,12.6591,0.0493,2.3069,
278,UN2,sunflower,2.307,2/11/2021,0.61875,0.2766,10.4078,2/9/2021,0.721527778,0.2849,12.4167,0.0083,2.0089,
279,UN2,sunflower,2.692,2/11/2021,0.619444444,0.252,9.9762,2/9/2021,0.721527778,0.2704,12.0775,0.0184,2.1013,
280,UN4,sunflower,2.705,2/11/2021,0.620138889,0.2503,10.5979,2/9/2021,0.720833333,0.2964,12.2159,0.0461,1.618,pooped when going into microcolony container
281,UN4,sunflower,n/a,2/11/2021,0.620833333,0.2747,10.3409,2/9/2021,0.720138889,0.2876,12.2929,0.0129,1.952,
282,UN1,buckwheat,2.595,2/11/2021,0.622222222,0.2329,10.22,2/9/2021,0.723611111,0.2922,11.5164,0.0593,1.2964,
283,UN1,buckwheat,3.131,2/11/2021,0.622916667,0.2305,8.8437,2/9/2021,0.724305556,0.2737,12.2091,0.0432,3.3654,
284,UN2,buckwheat,2.28,2/11/2021,0.623611111,0.2621,10.24,2/9/2021,0.724305556,0.3022,12.0764,0.0401,1.8364,
285,UN2,buckwheat,2.442,2/11/2021,0.625,0.2582,9.7071,2/9/2021,0.723611111,0.2698,12.1505,0.0116,2.4434,
286,UN4,buckwheat,2.674,2/11/2021,0.625694444,0.2645,10.9642,2/9/2021,0.722222222,0.2811,12.8906,0.0166,1.9264,
287,UN4,buckwheat,2.731,2/11/2021,0.626388889,0.2708,10.5496,2/9/2021,0.722222222,0.2896,12.9262,0.0188,2.3766,
